organid, patientid, surgeonid, clinicid, type, duration, start
1,467,148,14,o,96,2021-03-26
2,689,153,3,i,152,2020-09-07
3,965,119,45,i,128,2020-04-22
4,418,71,16,o,112,2020-08-21
5,551,146,57,i,69,2021-02-03
6,791,56,92,i,105,2020-06-17
7,224,199,80,o,38,2021-04-09
8,714,102,90,i,142,2020-06-14
9,858,105,5,i,35,2020-08-22
10,983,65,79,i,147,2020-10-06
11,596,1,67,i,131,2021-06-12
12,370,66,8,o,32,2020-06-21
13,885,76,87,i,117,2021-04-09
14,536,56,32,i,116,2020-06-27
15,991,79,28,i,180,2021-03-31
16,255,148,94,o,102,2021-05-20
17,265,92,50,o,66,2021-06-08
18,19,22,48,o,128,2020-10-23
19,862,139,65,i,113,2020-11-14
20,714,24,21,i,59,2021-06-16
21,911,61,88,i,138,2020-02-25
22,946,182,17,i,155,2021-07-13
23,579,104,33,i,163,2021-02-15
24,980,45,55,i,111,2020-08-20
25,831,159,84,i,140,2021-06-04
26,66,21,89,o,102,2020-02-05
27,274,64,49,o,59,2019-10-18
28,627,189,58,i,122,2020-10-20
29,62,119,36,o,148,2021-06-22
30,486,161,75,o,58,2020-06-23
31,493,142,89,o,129,2020-10-17
32,153,38,4,o,174,2020-07-22
33,818,181,16,i,39,2020-11-23
34,73,117,69,o,76,2020-07-10
35,397,101,54,o,169,2021-03-29
36,726,161,89,i,41,2020-07-19
37,733,149,34,i,147,2020-04-14
38,892,82,56,i,173,2020-03-19
39,840,74,41,i,56,2020-08-16
40,825,67,63,i,75,2020-12-30
41,146,151,37,o,142,2021-05-28
42,30,96,50,o,123,2020-01-13
43,544,126,47,i,118,2021-03-29
44,963,135,28,i,151,2020-12-14
45,987,8,62,i,129,2020-04-04
46,887,184,14,i,78,2020-08-15
47,103,167,58,o,113,2019-12-16
48,699,172,87,i,109,2019-10-17
49,88,73,31,o,67,2020-11-21
50,120,33,34,o,86,2020-11-20
51,227,95,8,o,108,2021-07-19
52,683,116,3,i,158,2020-09-27
53,684,183,23,i,105,2020-12-01
54,760,116,31,i,52,2020-07-18
55,995,70,25,i,152,2020-11-05
56,921,120,76,i,105,2021-09-16
57,257,191,46,o,46,2021-01-23
58,673,189,25,i,99,2021-04-19
59,206,40,88,o,106,2021-08-31
60,955,26,47,i,81,2020-08-20
61,796,47,20,i,156,2020-03-15
62,563,14,100,i,170,2020-02-03
63,195,96,33,o,130,2021-04-04
64,741,143,92,i,107,2020-04-18
65,398,38,62,o,153,2020-07-14
66,992,12,4,i,162,2021-05-28
67,129,188,96,o,79,2020-11-25
68,873,134,13,i,135,2020-01-30
69,366,174,98,o,47,2020-08-13
70,481,38,39,o,41,2020-08-01
71,959,31,29,i,160,2021-09-24
72,600,147,89,i,108,2019-11-29
73,189,160,53,o,52,2021-04-18
74,480,5,46,o,55,2019-11-04
75,598,163,63,i,160,2021-05-27
76,111,131,7,o,129,2021-07-06
77,28,89,51,o,149,2021-08-10
78,471,55,63,o,85,2019-11-18
79,365,56,75,o,93,2020-05-03
80,268,171,40,o,133,2020-08-07
81,103,67,81,o,77,2020-04-16
82,400,22,90,o,72,2020-01-09
83,997,17,5,i,63,2021-04-22
84,860,130,29,i,108,2019-12-26
85,635,147,16,i,141,2020-03-08
86,894,107,48,i,177,2020-12-05
87,922,72,53,i,102,2021-06-13
88,943,60,33,i,97,2020-05-16
89,70,82,56,o,122,2020-11-27
90,32,158,11,o,114,2021-02-15
91,229,138,42,o,46,2020-09-10
92,248,41,81,o,101,2020-08-15
93,346,160,32,o,172,2020-11-10
94,465,91,43,o,66,2020-06-09
95,458,168,83,o,146,2019-12-05
96,192,174,85,o,92,2021-07-27
97,189,188,83,o,137,2021-03-29
98,909,58,84,i,122,2019-12-07
99,901,88,55,i,55,2020-02-17
100,275,87,39,o,80,2020-08-04
101,26,93,11,o,156,2020-07-31
102,696,92,45,i,129,2019-12-16
103,880,142,1,i,77,2019-11-23
104,147,35,91,o,59,2020-03-29
105,364,97,14,o,136,2020-07-23
106,307,166,45,o,43,2021-02-12
107,484,198,48,o,71,2021-08-29
108,501,2,35,i,83,2021-03-21
109,937,174,21,i,85,2019-11-09
110,602,114,37,i,154,2020-02-02
111,162,105,31,o,94,2020-01-24
112,435,33,80,o,148,2020-03-22
113,967,29,20,i,69,2021-01-07
114,337,154,42,o,108,2021-04-26
115,786,104,14,i,42,2020-01-15
116,126,125,80,o,71,2020-08-03
117,995,134,100,i,114,2021-01-22
118,799,181,68,i,107,2020-02-26
119,54,63,98,o,112,2020-11-04
120,594,8,72,i,148,2021-01-04
121,172,5,25,o,144,2020-01-07
122,785,97,52,i,149,2020-04-26
123,654,20,31,i,83,2020-09-20
124,581,175,72,i,115,2020-11-20
125,700,98,99,i,64,2021-05-12
126,165,134,63,o,98,2019-12-08
127,194,110,9,o,96,2021-04-09
128,291,18,54,o,144,2021-04-25
129,581,119,94,i,52,2019-12-25
130,49,116,99,o,65,2021-01-24
131,520,136,4,i,111,2019-12-08
132,765,34,30,i,75,2020-11-02
133,410,5,31,o,143,2019-10-24
134,109,42,29,o,119,2021-01-10
135,618,72,29,i,155,2021-08-29
136,846,150,77,i,99,2020-10-13
137,603,134,81,i,86,2020-06-15
138,962,106,69,i,65,2020-01-10
139,895,12,69,i,86,2021-08-27
140,425,16,71,o,151,2020-02-21
141,509,189,29,i,90,2021-05-02
142,205,119,31,o,59,2020-12-19
143,329,43,2,o,144,2020-08-30
144,293,14,76,o,31,2020-02-11
145,55,171,99,o,55,2019-11-19
146,2,23,34,o,35,2019-10-19
147,918,72,72,i,56,2020-01-21
148,124,70,7,o,165,2021-06-26
149,171,192,99,o,125,2020-02-27
150,27,51,92,o,37,2020-03-22
151,700,184,48,i,164,2020-08-21
152,955,59,89,i,128,2020-11-29
153,865,147,99,i,120,2020-07-20
154,421,132,95,o,145,2020-11-12
155,785,31,30,i,87,2021-07-04
156,38,133,12,o,75,2021-08-12
157,781,46,62,i,53,2020-12-25
158,390,12,19,o,170,2021-02-18
159,964,34,78,i,44,2019-11-13
160,176,188,62,o,110,2019-11-02
161,865,109,33,i,159,2021-01-12
162,962,197,89,i,130,2020-04-19
163,351,37,25,o,80,2019-11-06
164,455,27,85,o,80,2020-12-30
165,531,15,100,i,175,2021-04-29
166,444,103,64,o,176,2021-03-20
167,623,56,80,i,132,2020-11-30
168,532,99,54,i,132,2021-08-19
169,780,13,5,i,50,2020-06-09
170,98,124,61,o,176,2019-12-28
171,452,112,75,o,41,2020-01-17
172,591,55,42,i,150,2021-03-11
173,781,181,62,i,100,2021-07-15
174,380,10,53,o,120,2020-02-24
175,419,64,97,o,136,2021-04-10
176,675,52,84,i,138,2021-04-11
177,476,61,53,o,119,2020-03-22
178,747,21,52,i,103,2020-11-13
179,206,2,23,o,118,2020-01-02
180,795,51,10,i,57,2020-12-18
181,899,108,88,i,84,2021-06-20
182,573,139,91,i,151,2020-12-16
183,953,62,18,i,159,2021-06-10
184,283,106,43,o,74,2019-10-25
185,67,65,22,o,120,2019-12-06
186,891,19,38,i,92,2021-06-21
187,94,123,84,o,127,2021-06-04
188,808,131,28,i,132,2020-01-28
189,502,160,38,i,108,2021-09-18
190,849,85,100,i,68,2019-10-05
191,745,1,99,i,178,2021-08-26
192,541,93,16,i,129,2021-03-21
193,548,71,81,i,117,2019-11-14
194,103,169,16,o,121,2019-12-23
195,49,67,48,o,147,2021-01-28
196,677,196,84,i,175,2020-12-11
197,469,24,95,o,61,2021-06-05
198,102,152,1,o,161,2020-05-21
199,367,166,64,o,117,2021-06-08
200,567,34,29,i,164,2020-01-02
201,71,68,40,o,59,2021-08-20
202,790,34,27,i,152,2020-08-05
203,401,96,60,o,100,2019-12-04
204,250,186,100,o,130,2021-03-04
205,423,177,74,o,62,2020-09-26
206,351,57,89,o,144,2020-04-10
207,102,12,35,o,139,2019-10-04
208,500,94,92,o,80,2021-03-25
209,74,89,29,o,90,2020-02-15
210,701,84,41,i,53,2020-10-16
211,889,171,47,i,126,2021-07-30
212,458,30,23,o,171,2020-04-15
213,972,170,63,i,139,2021-08-19
214,669,47,46,i,88,2020-05-05
215,21,129,56,o,56,2021-07-21
216,244,37,55,o,43,2021-07-12
217,349,147,55,o,161,2021-05-07
218,987,173,2,i,141,2020-10-05
219,580,65,39,i,80,2019-12-25
220,499,79,23,o,167,2020-08-03
221,717,9,31,i,84,2019-10-18
222,985,66,21,i,42,2021-07-13
223,163,124,56,o,72,2020-03-13
224,380,167,24,o,82,2021-07-27
225,289,78,77,o,176,2021-01-08
226,970,105,47,i,77,2020-09-02
227,68,135,62,o,39,2020-03-15
228,860,39,98,i,167,2021-04-12
229,192,114,12,o,163,2020-10-20
230,806,58,75,i,61,2021-07-27
231,654,190,39,i,101,2021-05-02
232,252,168,82,o,98,2020-02-18
233,117,40,98,o,74,2021-08-18
234,837,79,98,i,135,2020-03-16
235,9,180,16,o,85,2021-01-12
236,626,29,71,i,175,2021-06-29
237,667,171,45,i,127,2021-03-15
238,261,178,73,o,84,2021-05-26
239,192,110,5,o,94,2020-10-24
240,880,89,3,i,99,2021-07-12
241,515,145,24,i,180,2020-06-27
242,457,176,90,o,79,2021-03-27
243,221,99,8,o,136,2020-04-11
244,930,108,7,i,113,2020-11-14
245,644,61,83,i,50,2020-06-12
246,429,132,92,o,79,2021-04-28
247,567,168,88,i,99,2020-09-26
248,513,51,29,i,53,2021-05-27
249,874,104,4,i,147,2021-06-22
250,620,30,74,i,156,2020-02-08
251,928,97,8,i,97,2020-05-16
252,577,138,41,i,68,2020-08-02
253,371,133,89,o,107,2020-08-01
254,439,40,19,o,172,2020-01-05
255,869,121,53,i,163,2020-05-30
256,150,191,83,o,30,2020-09-15
257,551,143,34,i,104,2021-09-06
258,496,128,53,o,108,2021-02-10
259,176,41,95,o,112,2021-03-24
260,855,63,36,i,67,2021-03-16
261,348,106,2,o,36,2020-10-19
262,989,118,94,i,83,2021-08-05
263,703,192,6,i,131,2021-09-23
264,991,123,65,i,72,2020-05-26
265,998,176,33,i,139,2021-06-19
266,397,59,9,o,162,2020-02-23
267,662,119,18,i,88,2021-01-02
268,733,96,27,i,95,2020-08-31
269,662,4,31,i,90,2021-01-26
270,469,39,81,o,70,2021-09-13
271,361,168,22,o,36,2020-07-23
272,825,70,54,i,91,2021-03-13
273,85,61,84,o,163,2021-04-03
274,613,21,1,i,133,2019-12-19
275,60,91,46,o,67,2020-06-04
276,437,133,65,o,99,2021-04-12
277,468,62,99,o,118,2021-06-29
278,988,176,19,i,138,2020-10-25
279,80,198,13,o,63,2020-05-06
280,543,160,86,i,164,2020-03-19
281,289,48,83,o,152,2021-09-09
282,379,171,59,o,116,2021-01-21
283,555,43,47,i,161,2020-11-12
284,939,178,17,i,178,2021-07-19
285,662,150,20,i,109,2020-12-22
286,754,129,94,i,71,2021-01-24
287,244,15,97,o,81,2021-09-12
288,8,139,13,o,56,2021-01-04
289,200,90,18,o,114,2021-03-04
290,527,83,18,i,51,2020-01-02
291,480,110,19,o,87,2021-06-17
292,447,81,41,o,98,2021-08-28
293,112,123,74,o,97,2021-08-30
294,735,124,47,i,149,2019-11-08
295,66,127,49,o,133,2019-12-05
296,351,51,76,o,161,2020-10-03
297,862,15,9,i,126,2021-08-07
298,291,163,96,o,158,2020-10-30
299,627,199,64,i,151,2021-09-16
300,632,71,99,i,49,2020-03-22
301,794,17,58,i,96,2021-04-27
302,703,63,76,i,47,2021-03-07
303,302,70,33,o,81,2020-09-19
304,952,113,79,i,171,2019-11-06
305,303,192,61,o,130,2019-12-31
306,985,110,18,i,50,2020-03-15
307,323,4,88,o,76,2021-06-07
308,63,90,89,o,123,2020-03-08
309,529,112,52,i,136,2019-11-25
310,562,100,85,i,58,2020-11-24
311,995,162,83,i,109,2019-12-27
312,923,122,8,i,104,2019-11-06
313,823,62,65,i,82,2019-12-20
314,920,42,36,i,148,2021-01-07
315,360,165,10,o,146,2020-01-31
316,866,111,7,i,149,2021-09-27
317,903,55,93,i,63,2021-01-09
318,733,146,49,i,130,2020-12-18
319,280,86,31,o,106,2021-02-05
320,563,100,5,i,111,2021-01-28
321,512,190,98,i,125,2020-10-13
322,911,153,90,i,49,2020-08-12
323,100,5,87,o,151,2021-04-02
324,364,115,31,o,76,2020-08-02
325,779,32,5,i,104,2020-12-28
326,423,196,74,o,53,2020-11-25
327,74,44,87,o,89,2020-05-01
328,604,166,90,i,60,2021-07-12
329,880,85,35,i,87,2021-07-07
330,133,148,11,o,179,2020-02-25
331,626,51,69,i,72,2020-07-02
332,531,108,95,i,180,2021-02-02
333,458,6,73,o,134,2019-12-16
334,216,130,75,o,69,2020-02-19
335,349,176,82,o,83,2020-01-15
336,677,63,7,i,67,2020-08-21
337,548,132,53,i,162,2021-03-24
338,357,47,6,o,48,2020-10-01
339,931,144,39,i,116,2021-05-20
340,354,32,41,o,97,2019-10-14
341,863,176,26,i,176,2020-12-15
342,504,20,19,i,56,2021-01-31
343,659,107,99,i,155,2020-10-02
344,126,70,24,o,40,2021-04-11
345,642,40,23,i,110,2020-06-07
346,24,148,38,o,45,2020-01-25
347,724,159,7,i,71,2021-02-22
348,130,64,60,o,177,2021-07-07
349,868,53,58,i,79,2021-09-04
350,127,157,28,o,121,2019-11-18
351,465,143,25,o,111,2020-02-10
352,459,59,12,o,44,2020-02-03
353,933,170,35,i,100,2020-04-21
354,877,187,5,i,74,2020-06-23
355,176,151,5,o,99,2021-06-06
356,150,141,30,o,86,2020-10-03
357,397,2,9,o,125,2020-03-29
358,854,73,74,i,165,2019-12-19
359,671,39,46,i,102,2020-06-30
360,55,22,73,o,122,2020-04-14
361,157,55,57,o,69,2020-08-28
362,63,81,92,o,173,2021-08-27
363,895,142,93,i,93,2020-06-10
364,885,186,78,i,76,2021-08-06
365,826,123,68,i,90,2020-03-12
366,820,145,74,i,149,2020-09-03
367,551,113,40,i,41,2020-09-18
368,868,77,12,i,140,2020-01-20
369,379,122,93,o,148,2019-12-31
370,49,104,4,o,156,2020-04-04
371,89,99,72,o,46,2019-10-20
372,470,93,47,o,109,2021-02-12
373,117,43,72,o,70,2021-09-15
374,577,152,70,i,173,2020-08-02
375,653,20,100,i,107,2021-01-16
376,817,29,31,i,66,2020-02-29
377,294,105,75,o,62,2021-09-02
378,837,35,11,i,152,2021-05-05
379,19,62,5,o,111,2021-07-17
380,363,188,22,o,175,2021-08-10
381,832,142,72,i,138,2020-01-18
382,323,93,76,o,110,2020-07-13
383,550,180,24,i,127,2021-07-31
384,21,111,71,o,159,2021-07-27
385,355,64,66,o,53,2020-01-09
386,762,139,35,i,120,2021-05-31
387,850,66,95,i,50,2019-10-25
388,873,122,57,i,107,2020-07-07
389,458,58,52,o,30,2020-05-25
390,139,166,93,o,85,2021-03-06
391,174,42,82,o,55,2020-10-12
392,448,153,23,o,148,2019-11-23
393,905,137,95,i,172,2020-07-14
394,333,157,25,o,31,2020-03-29
395,348,40,7,o,177,2021-01-23
396,436,21,30,o,158,2020-10-14
397,302,136,51,o,158,2020-03-15
398,992,117,13,i,54,2021-05-15
399,727,47,1,i,105,2020-12-21
400,625,163,36,i,125,2021-05-25
401,200,50,17,o,166,2019-12-16
402,522,46,79,i,133,2020-04-12
403,55,59,37,o,171,2020-09-09
404,746,43,84,i,80,2020-10-30
405,37,189,39,o,123,2020-01-24
406,328,43,53,o,76,2021-08-05
407,335,84,13,o,35,2021-09-17
408,297,2,100,o,62,2020-07-28
409,284,23,60,o,146,2020-05-26
410,718,1,17,i,68,2020-08-02
411,709,10,23,i,122,2019-10-29
412,550,92,35,i,153,2021-07-05
413,598,179,15,i,169,2021-07-10
414,348,53,36,o,50,2020-09-07
415,141,171,44,o,128,2021-09-30
416,280,91,100,o,67,2021-08-13
417,496,60,71,o,92,2021-09-09
418,482,165,19,o,95,2021-06-22
419,664,34,54,i,145,2019-11-20
420,183,106,79,o,84,2020-03-04
421,82,35,45,o,42,2021-09-21
422,226,33,95,o,95,2021-04-05
423,47,166,42,o,69,2021-07-05
424,960,70,5,i,147,2021-06-22
425,97,26,40,o,85,2021-03-16
426,499,172,5,o,141,2020-01-05
427,222,92,36,o,153,2019-10-03
428,23,40,71,o,69,2021-02-23
429,225,197,80,o,167,2019-11-08
430,160,171,14,o,133,2020-01-27
431,895,134,35,i,60,2020-12-03
432,718,78,11,i,176,2020-05-15
433,11,63,21,o,96,2020-11-05
434,673,136,41,i,147,2021-05-22
435,865,24,30,i,177,2021-04-22
436,897,188,5,i,153,2021-09-23
437,886,195,93,i,145,2020-10-01
438,111,27,79,o,42,2020-09-08
439,46,129,1,o,168,2020-11-24
440,56,133,10,o,154,2020-11-03
441,654,111,46,i,80,2019-12-16
442,115,2,39,o,31,2020-06-21
443,733,41,3,i,149,2020-10-07
444,116,141,51,o,115,2020-06-01
445,405,64,44,o,45,2021-03-12
446,977,171,39,i,149,2019-11-28
447,369,139,2,o,45,2021-03-19
448,193,140,59,o,59,2021-01-23
449,342,86,99,o,52,2019-11-22
450,294,155,70,o,59,2020-08-21
451,204,104,43,o,175,2020-02-20
452,429,5,3,o,32,2021-07-20
453,631,108,46,i,158,2020-10-10
454,69,194,63,o,53,2021-08-13
455,475,77,89,o,171,2021-03-30
456,255,191,77,o,109,2021-09-26
457,277,142,23,o,144,2021-09-23
458,639,85,79,i,159,2020-05-06
459,800,35,52,i,157,2020-11-21
460,93,192,27,o,139,2021-04-20
461,612,11,57,i,162,2020-04-16
462,694,26,54,i,61,2020-09-27
463,958,102,100,i,109,2020-02-28
464,541,36,64,i,114,2020-08-15
465,149,2,63,o,103,2020-12-06
466,800,11,51,i,157,2019-10-26
467,134,63,11,o,85,2021-08-02
468,510,144,29,i,47,2020-10-14
469,352,33,96,o,41,2020-06-02
470,747,192,35,i,160,2021-08-23
471,218,67,85,o,133,2021-06-29
472,892,193,31,i,76,2019-12-30
473,471,123,6,o,116,2020-06-05
474,812,17,67,i,82,2020-01-07
475,815,87,14,i,87,2020-05-24
476,160,133,42,o,99,2020-09-26
477,435,116,65,o,101,2021-04-13
478,954,140,74,i,124,2021-02-18
479,350,108,43,o,50,2020-08-09
480,238,149,64,o,137,2020-06-10
481,702,121,37,i,71,2020-02-07
482,151,28,84,o,155,2020-03-21
483,685,94,44,i,104,2021-08-18
484,631,47,31,i,120,2020-10-06
485,757,166,54,i,129,2020-03-16
486,613,192,77,i,121,2020-08-02
487,483,107,100,o,104,2019-12-14
488,942,76,98,i,134,2021-04-23
489,683,158,99,i,171,2021-05-09
490,133,151,4,o,38,2020-11-24
491,102,54,18,o,162,2020-01-05
492,710,130,65,i,98,2020-01-31
493,685,24,75,i,119,2021-08-09
494,384,104,99,o,167,2020-05-17
495,366,62,26,o,98,2020-07-09
496,263,128,96,o,116,2021-02-20
497,214,21,58,o,80,2020-01-28
498,55,179,38,o,110,2020-09-22
499,931,163,52,i,133,2020-09-07
500,862,198,87,i,93,2019-10-25
1,761,80,25,i,40,2021-05-23
2,678,124,85,i,44,2021-08-11
3,515,7,60,i,128,2020-05-31
4,719,42,74,i,33,2020-07-24
5,528,29,30,i,167,2020-09-28
6,4,11,59,o,157,2021-05-07
7,141,170,93,o,116,2020-04-12
8,323,111,33,o,170,2020-05-05
9,548,146,84,i,97,2021-04-20
10,811,146,25,i,36,2021-03-14
11,430,155,19,o,137,2020-08-17
12,999,5,33,i,85,2021-05-01
13,152,18,37,o,102,2020-10-03
14,783,66,28,i,167,2020-08-19
15,222,54,91,o,37,2020-04-21
16,935,129,90,i,151,2020-06-15
17,324,25,67,o,72,2019-10-22
18,885,55,92,i,106,2021-05-14
19,921,184,59,i,110,2021-05-10
20,5,19,23,o,133,2020-06-05
21,582,10,24,i,45,2020-11-18
22,775,111,33,i,101,2021-04-04
23,55,151,43,o,47,2020-08-15
24,811,91,48,i,105,2021-02-02
25,156,106,91,o,42,2021-08-15
26,169,46,50,o,162,2020-05-10
27,144,185,7,o,31,2021-06-30
28,535,109,31,i,70,2020-07-05
29,656,141,29,i,31,2020-06-16
30,543,132,90,i,70,2020-02-06
31,138,136,62,o,102,2020-08-28
32,413,73,4,o,137,2020-07-30
33,967,31,72,i,128,2021-06-13
34,420,124,17,o,64,2021-07-07
35,545,139,95,i,66,2021-02-28
36,716,62,1,i,138,2020-07-25
37,875,20,89,i,115,2021-08-02
38,632,151,6,i,96,2020-02-15
39,717,29,28,i,69,2021-01-02
40,868,86,36,i,157,2021-03-10
41,704,77,60,i,50,2021-01-08
42,848,129,44,i,111,2020-08-24
43,391,76,23,o,159,2019-10-31
44,546,65,4,i,114,2021-05-30
45,604,167,38,i,155,2021-05-25
46,937,27,53,i,81,2021-05-27
47,305,164,68,o,161,2019-11-03
48,917,42,3,i,69,2020-05-10
49,495,33,82,o,103,2021-02-20
50,916,159,50,i,104,2020-08-11
51,743,86,18,i,116,2021-09-15
52,310,65,17,o,165,2020-07-28
53,277,153,48,o,97,2021-02-23
54,375,92,30,o,85,2021-08-02
55,213,179,31,o,47,2020-10-18
56,726,50,47,i,57,2019-11-04
57,675,123,75,i,47,2020-02-24
58,879,43,18,i,159,2020-12-03
59,450,31,70,o,169,2020-11-02
60,540,149,55,i,37,2019-12-30
61,508,134,20,i,54,2021-04-12
62,147,27,83,o,176,2020-06-07
63,750,144,44,i,52,2019-10-23
64,672,96,16,i,146,2020-06-04
65,181,10,76,o,129,2020-12-25
66,234,83,69,o,61,2021-03-25
67,343,12,45,o,166,2019-10-17
68,294,79,5,o,58,2021-02-13
69,934,94,49,i,85,2019-12-20
70,940,68,15,i,121,2021-01-09
71,251,25,43,o,139,2020-07-11
72,793,7,75,i,74,2020-08-22
73,654,108,11,i,40,2020-01-15
74,428,163,19,o,145,2020-07-27
75,717,75,37,i,149,2021-03-19
76,219,138,53,o,56,2020-09-04
77,220,87,52,o,127,2020-10-04
78,370,92,30,o,100,2020-07-21
79,953,24,34,i,74,2021-05-09
80,15,79,24,o,135,2019-11-28
81,191,66,14,o,95,2019-11-19
82,813,74,77,i,143,2020-03-09
83,735,121,2,i,63,2021-07-15
84,888,113,33,i,127,2021-04-03
85,451,137,77,o,44,2020-11-09
86,374,167,14,o,151,2021-09-13
87,160,132,24,o,43,2020-07-17
88,397,198,69,o,82,2021-02-23
89,912,67,12,i,154,2020-11-03
90,480,136,1,o,80,2020-11-11
91,922,7,85,i,132,2020-01-21
92,931,152,24,i,79,2019-12-03
93,979,172,81,i,32,2019-12-13
94,936,81,56,i,129,2020-07-12
95,924,23,18,i,113,2020-11-01
96,830,44,54,i,49,2020-03-01
97,622,119,53,i,43,2020-05-31
98,156,94,13,o,80,2021-05-08
99,912,59,35,i,105,2020-01-02
100,600,85,20,i,47,2019-11-03
101,882,161,4,i,162,2020-10-04
102,949,121,55,i,93,2019-12-25
103,202,8,63,o,99,2020-11-06
104,40,1,70,o,94,2019-11-02
105,461,11,81,o,110,2020-01-28
106,372,174,76,o,150,2020-04-17
107,703,196,27,i,134,2021-04-19
108,786,91,26,i,58,2020-11-07
109,489,8,48,o,70,2020-07-12
110,479,57,93,o,89,2020-04-13
111,502,28,11,i,171,2020-04-15
112,115,110,73,o,128,2020-01-06
113,585,176,97,i,71,2019-11-08
114,675,144,71,i,83,2020-08-16
115,659,162,73,i,153,2021-07-25
116,277,123,85,o,61,2020-06-22
117,475,90,43,o,58,2019-12-29
118,321,17,75,o,90,2021-01-15
119,239,151,42,o,124,2021-08-24
120,290,42,11,o,166,2019-10-22
121,138,128,7,o,175,2021-07-15
122,402,51,21,o,112,2020-10-14
123,346,64,31,o,32,2021-07-17
124,782,21,82,i,96,2021-03-12
125,437,34,38,o,165,2019-10-12
126,256,60,39,o,129,2021-08-03
127,289,33,44,o,119,2020-07-09
128,676,176,22,i,142,2020-06-04
129,869,47,19,i,146,2020-12-06
130,825,88,40,i,51,2020-10-27
131,526,178,100,i,39,2021-07-08
132,647,156,61,i,138,2021-09-24
133,360,52,13,o,139,2020-06-22
134,182,165,46,o,141,2020-07-27
135,160,172,24,o,37,2020-06-24
136,520,169,37,i,63,2020-10-13
137,282,17,37,o,180,2020-06-25
138,863,125,95,i,160,2020-04-17
139,104,65,22,o,107,2021-06-08
140,194,50,37,o,30,2020-06-13
141,574,21,47,i,126,2020-10-27
142,291,16,38,o,168,2021-09-16
143,675,144,57,i,57,2019-12-20
144,770,20,97,i,77,2021-03-18
145,473,96,87,o,89,2021-02-05
146,597,190,10,i,177,2019-10-03
147,843,30,66,i,135,2020-05-19
148,776,19,34,i,36,2020-04-13
149,206,56,58,o,149,2020-01-30
150,681,87,44,i,83,2019-12-27
151,467,177,83,o,30,2021-01-16
152,524,74,32,i,111,2021-08-05
153,956,163,36,i,114,2021-06-18
154,814,161,15,i,144,2021-03-18
155,383,96,10,o,108,2020-06-25
156,483,78,12,o,138,2020-07-27
157,122,67,70,o,69,2020-08-26
158,805,37,45,i,131,2021-08-14
159,708,78,16,i,127,2020-10-12
160,683,79,26,i,163,2021-01-02
161,408,159,50,o,150,2019-11-05
162,668,160,7,i,144,2019-10-12
163,602,157,45,i,72,2021-01-23
164,949,70,99,i,66,2020-11-18
165,298,168,19,o,90,2020-08-13
166,704,149,99,i,115,2020-11-08
167,632,68,98,i,47,2021-05-01
168,334,68,44,o,174,2020-11-05
169,559,36,70,i,92,2020-04-12
170,774,17,88,i,167,2021-06-18
171,673,108,9,i,64,2020-03-10
172,176,181,75,o,53,2021-02-17
173,446,92,42,o,105,2021-01-30
174,936,28,55,i,58,2021-02-01
175,555,59,54,i,119,2020-05-29
176,558,35,63,i,164,2021-04-17
177,578,65,38,i,44,2021-05-03
178,252,113,54,o,60,2021-07-09
179,132,87,71,o,51,2020-07-11
180,317,146,66,o,124,2021-09-14
181,402,11,4,o,132,2020-04-23
182,323,71,23,o,66,2021-05-13
183,798,74,92,i,80,2020-02-08
184,999,117,29,i,32,2021-02-20
185,350,111,92,o,68,2020-08-01
186,174,187,81,o,127,2021-01-10
187,215,141,65,o,88,2021-09-18
188,813,109,53,i,158,2021-01-04
189,525,186,55,i,39,2021-06-11
190,799,108,22,i,133,2020-07-04
191,80,38,51,o,180,2020-05-24
192,846,143,71,i,123,2020-05-05
193,641,47,90,i,64,2020-05-07
194,638,7,93,i,174,2019-12-13
195,391,196,91,o,155,2020-05-09
196,723,168,76,i,82,2021-09-30
197,390,108,34,o,81,2020-06-29
198,817,121,47,i,177,2021-01-04
199,437,38,29,o,101,2020-05-07
200,976,35,25,i,60,2020-07-07
201,629,165,44,i,60,2020-08-09
202,499,105,19,o,36,2020-02-10
203,32,77,87,o,130,2020-09-16
204,24,98,89,o,133,2020-09-16
205,183,1,3,o,64,2021-08-22
206,278,33,52,o,105,2020-05-10
207,171,46,84,o,171,2020-12-31
208,432,119,53,o,170,2020-09-07
209,981,121,1,i,97,2021-09-16
210,738,9,59,i,174,2019-12-22
211,832,70,37,i,45,2021-05-07
212,711,173,97,i,151,2019-12-14
213,50,186,3,o,97,2020-11-01
214,800,23,88,i,39,2020-06-01
215,701,176,49,i,64,2021-04-30
216,732,56,72,i,78,2019-12-25
217,772,168,54,i,133,2021-07-02
218,848,22,38,i,91,2020-06-13
219,278,30,43,o,125,2021-07-25
220,23,135,19,o,48,2021-03-06
221,186,182,92,o,106,2019-11-19
222,884,102,48,i,55,2020-09-21
223,424,175,58,o,172,2020-10-18
224,730,90,60,i,151,2020-01-25
225,293,107,91,o,85,2020-05-10
226,168,34,100,o,155,2020-07-13
227,723,76,5,i,172,2021-02-23
228,749,46,77,i,97,2021-03-26
229,639,36,33,i,147,2020-10-17
230,951,131,34,i,144,2021-03-25
231,124,179,94,o,50,2021-03-29
232,215,177,77,o,46,2021-09-21
233,538,175,43,i,179,2021-07-02
234,197,152,4,o,86,2020-07-15
235,744,132,39,i,128,2020-12-24
236,56,65,34,o,69,2020-12-30
237,165,121,82,o,92,2021-04-17
238,273,184,74,o,96,2020-09-10
239,410,165,1,o,179,2021-01-20
240,222,51,25,o,142,2020-08-31
241,180,87,69,o,140,2020-01-17
242,564,152,66,i,100,2021-03-19
243,913,43,26,i,50,2021-05-24
244,397,139,42,o,148,2019-10-26
245,216,78,50,o,107,2021-01-31
246,1,154,28,o,77,2020-11-12
247,217,130,70,o,131,2020-03-29
248,545,43,87,i,98,2019-12-22
249,319,64,88,o,103,2021-08-25
250,154,167,29,o,179,2020-07-06
